rho_c,rho_d,n_valid,abs_gap_median,abs_gap_p90,abs_gap_max,rel_gap_median,rel_gap_p90,pct_strict,time_s
0.0,0.3,80,0.0023911566702535247,0.0077753893588090655,0.009799412964461351,0.007549550896273278,0.026958910988468997,100.0,11.648346900939941
0.0,0.5,80,0.002191661599152739,0.006991813887804066,0.012292041841555468,0.007695574414433132,0.02613378311772664,100.0,11.448737144470215
0.0,0.7,80,0.002744604349402824,0.007023881143494949,0.014506494673479059,0.011517499313299128,0.02214510066120847,100.0,11.559349060058594
0.3,0.3,80,0.0014588381807539852,0.004220927380933112,0.011809098012143249,0.0037980886492790596,0.017088238316605026,100.0,11.520429134368896
0.3,0.5,80,0.0025558600863676423,0.007014245865267513,0.018225642449303747,0.008544934717096324,0.03181814885553404,100.0,11.391875982284546
0.3,0.7,80,0.003020853447448499,0.008768371532611518,0.0150001820378044,0.009432235368026108,0.02596646765590246,100.0,11.575094938278198
0.6,0.3,80,0.0027742945915922856,0.0076709473900609115,0.013875651021307278,0.008507796281857605,0.030233368209840284,100.0,11.386291265487671
0.6,0.5,80,0.002968444379656973,0.009162923323607413,0.012549514360207903,0.009649210902178879,0.025914438124498576,100.0,11.545065879821777
0.6,0.7,80,0.0025802732188518196,0.006973833790563357,0.01967176579486629,0.008267747960065772,0.023177322836895473,100.0,11.498747110366821
