rho_c,rho_d,n_valid,ratio_median,ratio_p10,ratio_p90,ratio_min,ratio_max,pct_strict_tighter,time_s
0.0,0.3,100,0.9996321808246169,0.9986634259229984,0.9999505594847958,0.9973175142260522,0.9999899861625354,100.0,21.67547607421875
0.0,0.5,100,0.9997231426068096,0.9990114775221857,0.9999462560786102,0.9976790170403645,0.9999959908363208,100.0,21.84608006477356
0.0,0.7,100,0.9994783951255632,0.9987895419470972,0.9999624118944833,0.9949502994127775,0.9999962605462105,100.0,21.7064151763916
0.3,0.3,100,0.9996573734657221,0.9990488214724363,0.999944458611456,0.9963974518735815,0.9999974256523196,100.0,21.771887063980103
0.3,0.5,100,0.9993782058048273,0.997840998598458,0.99991063880967,0.9941734334625904,0.9999959643192964,100.0,21.746787786483765
0.3,0.7,100,0.9992428914793887,0.99840657141961,0.9998886074024639,0.9961299691499217,0.9999661817665347,100.0,21.722015142440796
0.6,0.3,100,0.9991221577057139,0.9978416242694266,0.9998769575008197,0.9959488911885269,0.9999974462443522,100.0,21.730266094207764
0.6,0.5,100,0.9993628489985844,0.9969298888415657,0.9999701383222811,0.9958693785355047,0.9999997367378614,100.0,21.741097927093506
0.6,0.7,100,0.9997458421543896,0.9976213631704253,0.9999708543506796,0.9964538762464329,0.9999968284475597,100.0,21.80783200263977
